"Metric","Sensitivity","Specificity","PPV","NPV","F1_Score"
"Admissions",1,0.281481481481481,0.03,1,0.058252427184466
"Cardio-respiratory",0,0.932835820895522,0,0.9765625,0
"Respiratory",0.333333333333333,0.91044776119403,0.0769230769230769,0.983870967741935,0.125
"Hypoglycaemic",0,0.895522388059702,0,0.975609756097561,0
