"","Adm","Cardio","Resp","Hypo"
"Adm",1,0.0897677833029653,0.140354285648005,0.0338091507220274
"Cardio",0.0897677833029653,1,-0.0182537172140848,0.200137622860484
"Resp",0.140354285648005,-0.0182537172140848,1,-0.000980559304759413
"Hypo",0.0338091507220274,0.200137622860484,-0.000980559304759413,1
