"incident_period","n_months","mean_admissions","sd_admissions","mean_cardio","sd_cardio","mean_resp","sd_resp","mean_hypo","sd_hypo"
"Incident Period",3,607,47.8225888048734,1.33333333333333,1.52752523165195,2.66666666666667,1.15470053837925,0.333333333333333,0.577350269189626
"Normal Period",136,533.397058823529,72.9047353450367,0.852941176470588,0.839130164844047,0.198529411764706,0.418460192206946,0.0808823529411765,0.273662323928827
